Gender,Married,Dependents,Education,Self_Employed,ApplicantIncome,CoapplicantIncome,LoanAmount,Loan_Amount_Term,Credit_History,Property_Area,Loan_Status
Male,Yes,0,Graduate,No,5000,2000,150,360,1,Urban,Y
Male,Yes,1,Graduate,No,4000,1500,120,360,1,Semiurban,Y
Female,No,0,Graduate,No,3000,0,80,360,1,Urban,Y
Male,Yes,2,Not Graduate,No,2500,1000,100,360,0,Rural,N
Female,No,0,Graduate,Yes,6000,0,200,360,1,Urban,Y
Male,Yes,0,Graduate,No,3500,1200,110,360,1,Rural,Y
Male,No,0,Not Graduate,No,2200,0,70,360,0,Rural,N
Female,Yes,1,Graduate,No,4500,1500,130,360,1,Semiurban,Y
Male,Yes,3,Graduate,Yes,7000,2500,250,360,1,Urban,Y
Male,No,0,Graduate,No,2800,0,90,360,1,Rural,Y
Female,No,0,Not Graduate,No,2000,0,60,360,0,Rural,N
Male,Yes,1,Graduate,No,5500,1800,160,360,1,Semiurban,Y
Female,Yes,2,Graduate,No,4200,1000,140,360,1,Urban,Y
Male,No,0,Graduate,Yes,3000,0,100,360,0,Rural,N
Male,Yes,0,Graduate,No,8000,3000,300,360,1,Urban,Y
Female,No,0,Graduate,No,3500,0,100,360,1,Semiurban,Y
Male,Yes,2,Not Graduate,No,2700,800,95,360,0,Rural,N
Male,Yes,1,Graduate,No,4800,1200,140,360,1,Urban,Y
Female,Yes,0,Graduate,Yes,5200,0,150,360,1,Semiurban,Y
Male,No,0,Not Graduate,No,2300,0,75,360,0,Rural,N